,trial,block,fix_start,fix_stop,target_start,target_stop
0,1.0,1.0,1.0,32.0,29.0,48.0
1,2.0,1.0,64.0,94.0,92.0,109.0
2,3.0,1.0,127.0,158.0,155.0,178.0
3,4.0,1.0,194.0,225.0,223.0,245.0
4,5.0,1.0,262.0,293.0,290.0,318.0
5,6.0,1.0,335.0,367.0,364.0,398.0
6,7.0,1.0,414.0,445.0,443.0,483.0
7,8.0,1.0,499.0,530.0,528.0,556.0
8,9.0,1.0,571.0,602.0,601.0,627.0
9,10.0,1.0,643.0,673.0,671.0,708.0
10,11.0,1.0,724.0,754.0,753.0,780.0
11,12.0,1.0,796.0,828.0,824.0,871.0
12,13.0,1.0,887.0,918.0,917.0,953.0
13,14.0,1.0,970.0,1001.0,999.0,1027.0
14,15.0,1.0,1044.0,1073.0,1071.0,1099.0
15,16.0,1.0,1116.0,1148.0,1145.0,1176.0
16,17.0,1.0,1192.0,1223.0,1221.0,1253.0
17,18.0,1.0,1270.0,1298.0,1296.0,1340.0
18,19.0,1.0,1358.0,1389.0,1387.0,1422.0
19,20.0,1.0,1438.0,1469.0,1467.0,1512.0
20,21.0,1.0,1529.0,1560.0,1558.0,1596.0
21,22.0,1.0,1612.0,1643.0,1640.0,1684.0
22,23.0,1.0,1700.0,1732.0,1728.0,1788.0
23,24.0,1.0,1805.0,1836.0,1834.0,1894.0
24,25.0,1.0,1987.0,2016.0,2014.0,2049.0
25,26.0,1.0,2066.0,2097.0,2095.0,2139.0
26,27.0,1.0,2156.0,2185.0,2182.0,2215.0
27,28.0,1.0,2230.0,2261.0,2258.0,2301.0
28,29.0,1.0,2317.0,2348.0,2347.0,2386.0
29,30.0,1.0,2402.0,2432.0,2431.0,2467.0
30,31.0,1.0,2484.0,2515.0,2513.0,2569.0
31,32.0,1.0,2586.0,2617.0,2615.0,2677.0
32,33.0,1.0,2694.0,2726.0,2722.0,2771.0
33,34.0,1.0,2788.0,2818.0,2817.0,2858.0
34,35.0,1.0,2875.0,2907.0,2903.0,2950.0
35,36.0,1.0,2966.0,2997.0,2995.0,3042.0
36,37.0,1.0,3058.0,3090.0,3087.0,3134.0
37,38.0,1.0,3150.0,3182.0,3179.0,3215.0
38,39.0,1.0,3231.0,3262.0,3260.0,3308.0
39,40.0,1.0,3325.0,3355.0,3354.0,3401.0
40,41.0,1.0,3418.0,3449.0,3447.0,3492.0
41,42.0,1.0,3508.0,3539.0,3537.0,3582.0
42,43.0,1.0,3599.0,3630.0,3629.0,3672.0
43,44.0,1.0,3688.0,3719.0,3717.0,3760.0
44,45.0,1.0,3776.0,3807.0,3806.0,3845.0
45,46.0,1.0,3861.0,3893.0,3892.0,3932.0
46,47.0,1.0,3948.0,3979.0,3978.0,4025.0
47,48.0,1.0,4041.0,4073.0,4072.0,4112.0
48,49.0,1.0,4183.0,4214.0,4213.0,4268.0
49,50.0,1.0,4285.0,4315.0,4313.0,4349.0
50,51.0,1.0,4367.0,4397.0,4396.0,4439.0
51,52.0,1.0,4455.0,4486.0,4485.0,4530.0
52,53.0,1.0,4546.0,4576.0,4575.0,4622.0
53,54.0,1.0,4639.0,4670.0,4668.0,4705.0
54,55.0,1.0,4721.0,4752.0,4751.0,4787.0
55,56.0,1.0,4803.0,4835.0,4833.0,4879.0
56,57.0,1.0,4895.0,4926.0,4924.0,4967.0
57,58.0,1.0,4983.0,5014.0,5013.0,5057.0
58,59.0,1.0,5074.0,5105.0,5103.0,5135.0
59,60.0,1.0,5151.0,5182.0,5181.0,5212.0
60,61.0,1.0,5229.0,5260.0,5259.0,5311.0
61,62.0,1.0,5327.0,5358.0,5356.0,5386.0
62,63.0,1.0,5403.0,5434.0,5432.0,5470.0
63,64.0,1.0,5486.0,5515.0,5513.0,5543.0
64,65.0,1.0,5561.0,5592.0,5590.0,5627.0
65,66.0,1.0,5643.0,5674.0,5673.0,5723.0
66,67.0,1.0,5740.0,5770.0,5768.0,5818.0
67,68.0,1.0,5834.0,5865.0,5863.0,5909.0
68,69.0,1.0,5925.0,5954.0,5952.0,5993.0
69,70.0,1.0,6010.0,6041.0,6039.0,6081.0
70,71.0,1.0,6098.0,6129.0,6127.0,6166.0
71,72.0,1.0,6183.0,6215.0,6212.0,6264.0
72,73.0,1.0,6280.0,6311.0,6309.0,6353.0
73,74.0,1.0,6370.0,6400.0,6399.0,6438.0
74,75.0,1.0,6454.0,6484.0,6481.0,6533.0
75,76.0,1.0,6549.0,6580.0,6577.0,6628.0
76,77.0,1.0,6644.0,6674.0,6672.0,6732.0
77,78.0,1.0,6749.0,6780.0,6778.0,6825.0
78,79.0,1.0,6841.0,6873.0,6871.0,6910.0
79,80.0,1.0,6927.0,6957.0,6957.0,6999.0
80,81.0,1.0,7015.0,7046.0,7044.0,7092.0
81,82.0,1.0,7109.0,7139.0,7137.0,7181.0
82,83.0,1.0,7197.0,7228.0,7227.0,7274.0
83,84.0,1.0,7290.0,7321.0,7319.0,7359.0
84,85.0,1.0,7374.0,7406.0,7404.0,7450.0
85,86.0,1.0,7466.0,7497.0,7496.0,7533.0
86,87.0,1.0,7549.0,7579.0,7577.0,7621.0
87,88.0,1.0,7637.0,7668.0,7667.0,7717.0
88,89.0,1.0,7733.0,7764.0,7763.0,7814.0
89,90.0,1.0,7831.0,7861.0,7859.0,7905.0
90,91.0,1.0,7921.0,7952.0,7951.0,8019.0
91,92.0,1.0,8035.0,8065.0,8064.0,8111.0
92,93.0,1.0,8128.0,8159.0,8158.0,8188.0
93,94.0,1.0,8205.0,8237.0,8234.0,8276.0
94,95.0,1.0,8292.0,8323.0,8322.0,8362.0
95,96.0,1.0,8380.0,8410.0,8408.0,8455.0
96,97.0,1.0,8471.0,8502.0,8501.0,8587.0
97,98.0,1.0,8603.0,8634.0,8632.0,8667.0
98,99.0,1.0,8684.0,8715.0,8713.0,8752.0
99,100.0,1.0,8769.0,8801.0,8797.0,8847.0
100,101.0,1.0,8863.0,8895.0,8893.0,8928.0
101,102.0,1.0,8944.0,8975.0,8973.0,9016.0
102,103.0,1.0,9033.0,9065.0,9062.0,9103.0
103,104.0,1.0,9120.0,9150.0,9149.0,9201.0
104,105.0,1.0,9217.0,9249.0,9247.0,9292.0
105,106.0,1.0,9308.0,9339.0,9338.0,9385.0
106,107.0,1.0,9401.0,9432.0,9431.0,9533.0
107,108.0,1.0,9549.0,9581.0,9579.0,9613.0
108,109.0,1.0,9629.0,9660.0,9658.0,9691.0
109,110.0,1.0,9708.0,9739.0,9737.0,9773.0
110,111.0,1.0,9790.0,9821.0,9819.0,9849.0
111,112.0,1.0,9866.0,9897.0,9895.0,9927.0
112,113.0,1.0,9943.0,9974.0,9973.0,10011.0
113,114.0,1.0,10027.0,10058.0,10057.0,10095.0
114,115.0,1.0,10112.0,10142.0,10141.0,10182.0
115,116.0,1.0,10198.0,10229.0,10228.0,10264.0
116,117.0,1.0,10280.0,10311.0,10310.0,10351.0
117,118.0,1.0,10367.0,10398.0,10396.0,10447.0
118,119.0,1.0,10462.0,10494.0,10492.0,10522.0
119,120.0,1.0,10538.0,10569.0,10567.0,10595.0
120,121.0,1.0,10611.0,10642.0,10641.0,10677.0
121,122.0,1.0,10693.0,10725.0,10722.0,10769.0
122,123.0,1.0,10785.0,10815.0,10814.0,10857.0
123,124.0,1.0,10873.0,10905.0,10904.0,10958.0
124,125.0,1.0,10975.0,11006.0,11004.0,11036.0
125,126.0,1.0,11052.0,11084.0,11082.0,11118.0
126,127.0,1.0,11134.0,11166.0,11164.0,11212.0
127,128.0,1.0,11228.0,11259.0,11258.0,11286.0
128,129.0,1.0,11302.0,11333.0,11331.0,11361.0
129,130.0,1.0,11377.0,11409.0,11408.0,11434.0
130,131.0,1.0,11451.0,11482.0,11480.0,11509.0
131,132.0,1.0,11526.0,11557.0,11555.0,11596.0
132,133.0,1.0,11613.0,11645.0,11641.0,11691.0
133,134.0,1.0,11707.0,11738.0,11736.0,11773.0
134,135.0,1.0,11790.0,11821.0,11819.0,11844.0
135,136.0,1.0,11861.0,11891.0,11890.0,11929.0
136,137.0,1.0,11946.0,11977.0,11974.0,12004.0
137,138.0,1.0,12020.0,12050.0,12049.0,12086.0
138,139.0,1.0,12104.0,12135.0,12131.0,12183.0
139,140.0,1.0,12199.0,12230.0,12228.0,12289.0
140,141.0,1.0,12305.0,12335.0,12333.0,12380.0
141,142.0,1.0,12398.0,12428.0,12427.0,12465.0
142,143.0,1.0,12481.0,12512.0,12511.0,12564.0
143,144.0,1.0,12581.0,12610.0,12609.0,12659.0
